day,variant,tenure_segment,active_members,total_hours,sum_sq_hours
1,control,new,7963,7133.469368167193,25597.05551225844
2,control,new,7946,7312.606784537973,28658.52021575962
3,control,new,7922,7101.131575173964,26787.14118498259
4,control,new,7905,7023.205652034065,26087.000691427827
5,control,new,7877,7243.439109505738,28489.61226284841
6,control,new,7858,7196.26806688674,28811.17968582993
7,control,new,7841,6871.885533596691,24538.045879905952
8,control,new,7824,7094.289217779382,28183.211253887996
9,control,new,7804,7131.129348486471,31087.349622231945
10,control,new,7788,7063.39210161359,28166.028446210934
11,control,new,7771,6884.005518312535,25707.298195851574
12,control,new,7748,6930.872855365462,26559.061977624795
13,control,new,7735,6748.93233672753,25369.904756428914
14,control,new,7720,6719.058137228757,26123.985197591057
15,control,new,7704,6937.816601883247,26323.003394628693
16,control,new,7684,7020.151410052058,27002.042310875673
17,control,new,7669,7058.23230082652,26604.68844137986
18,control,new,7656,7086.129818508289,28126.806198798266
19,control,new,7634,7270.743512035637,33834.11783425117
20,control,new,7618,6881.6398763212455,29057.75576655689
21,control,new,7597,6949.970320774726,32782.57751961764
22,control,new,7588,6932.78892170848,27446.248072175273
23,control,new,7572,6851.23207482121,26361.119342134458
24,control,new,7560,6974.625388184137,30523.4141335922
25,control,new,7546,6836.882830384611,27490.97889284324
26,control,new,7530,7075.833756227824,28933.573216999946
27,control,new,7519,6697.368168068339,24914.011483394188
28,control,new,7501,6815.156703852389,28045.246351968715
1,control,tenured,31730,41785.72859740796,245282.07821796267
2,control,tenured,31707,41405.685294126815,237977.79649406383
3,control,tenured,31682,41594.64547519296,236203.20764862638
4,control,tenured,31655,41196.480335445594,232617.555599718
5,control,tenured,31626,41501.06737761316,247752.3467384289
6,control,tenured,31596,41636.100737157634,245978.0231047782
7,control,tenured,31563,41911.225018994766,243697.16398314835
8,control,tenured,31541,40561.22470851672,227677.11702056738
9,control,tenured,31511,41086.79233578621,234004.7898403101
10,control,tenured,31487,40854.49095673933,230962.62955201842
11,control,tenured,31448,41177.51953732159,243663.07275772642
12,control,tenured,31422,41262.8965837648,240655.9521694958
13,control,tenured,31396,41338.08923686834,249419.3132546432
14,control,tenured,31372,41657.68703619206,234430.43671354942
15,control,tenured,31350,41261.68974696488,245880.790467492
16,control,tenured,31318,41052.456532735145,229044.426466095
17,control,tenured,31289,40909.000649363545,227759.14347916434
18,control,tenured,31258,41572.535490803915,247438.85238650962
19,control,tenured,31225,40560.40533824323,229505.53955110797
20,control,tenured,31201,41101.90754881903,248803.44958606566
21,control,tenured,31171,40524.14351299427,226469.45262175106
22,control,tenured,31143,41103.64556424868,248012.48673047204
23,control,tenured,31121,41109.42835401824,239238.64924875696
24,control,tenured,31087,40864.06481076237,235436.82457693777
25,control,tenured,31059,40255.95274240919,228966.7084354321
26,control,tenured,31040,40336.25965398406,224398.4006588001
27,control,tenured,31004,40131.68934370938,225319.29609640583
28,control,tenured,30971,41230.251218959536,246352.9006088023
1,treatment,new,8013,7791.102223566713,32013.936460589983
2,treatment,new,7999,7370.770970511434,27191.441950451903
3,treatment,new,7987,7781.078059245974,32192.261738179484
4,treatment,new,7975,7668.309243371286,32299.658125823196
5,treatment,new,7962,7462.774836590542,31267.399200100335
6,treatment,new,7941,7518.621356421938,29712.235611481607
7,treatment,new,7929,7569.046760618017,31821.945771261104
8,treatment,new,7909,7773.0643194709855,33481.158078574335
9,treatment,new,7896,7441.5164503986125,29571.382858931272
10,treatment,new,7876,7509.399390568069,30596.930687155284
11,treatment,new,7860,7307.852844217729,28459.867604783984
12,treatment,new,7844,7672.071132682211,34364.893299295756
13,treatment,new,7827,7544.5358281367935,31293.843160257995
14,treatment,new,7805,7460.725248234021,32484.080692884767
15,treatment,new,7790,7384.2091240842365,29990.43325710106
16,treatment,new,7774,7423.234000530689,31225.938187967717
17,treatment,new,7759,7288.174142534736,29256.816195613428
18,treatment,new,7743,7439.824983433825,31992.19294800041
19,treatment,new,7730,7428.418932049544,31137.964577730247
20,treatment,new,7711,7534.592768343295,32135.137124972174
21,treatment,new,7695,7486.323731709113,33250.27404147711
22,treatment,new,7682,7235.929008769574,29149.138366005864
23,treatment,new,7666,7483.9808157861935,32389.57762354642
24,treatment,new,7641,7337.384833055012,29278.81570474933
25,treatment,new,7625,7518.821682628872,33591.69965222833
26,treatment,new,7610,7214.71362694884,31111.873062951287
27,treatment,new,7600,7318.394700719944,31210.687164640894
28,treatment,new,7583,7183.632529877528,31489.945867197042
1,treatment,tenured,32199,44759.81489012206,271116.04496382776
2,treatment,tenured,32177,44441.15286662296,267811.85489312984
3,treatment,tenured,32147,44858.439341625635,265465.4375649605
4,treatment,tenured,32117,43628.57579179139,247067.156868116
5,treatment,tenured,32095,43754.604843860914,262362.48938723386
6,treatment,tenured,32064,43103.01164990726,249970.5435218832
7,treatment,tenured,32030,43853.605975779064,271549.11124102375
8,treatment,tenured,32006,43292.17147044793,245428.01500298374
9,treatment,tenured,31977,43012.57270680067,250684.4512524656
10,treatment,tenured,31960,43381.33154118356,257009.67967856914
11,treatment,tenured,31931,43168.57772612411,245133.04137522104
12,treatment,tenured,31901,42623.20811585675,254926.52370958403
13,treatment,tenured,31874,42068.31156325764,234323.71452470688
14,treatment,tenured,31847,42446.42789862525,254458.32701879976
15,treatment,tenured,31824,42205.30770023429,242424.89258704576
16,treatment,tenured,31792,42574.31224078908,254227.84412038059
17,treatment,tenured,31762,42470.63442092671,252754.70041134336
18,treatment,tenured,31741,42374.16162937286,257951.0264234519
19,treatment,tenured,31715,42881.74440201637,247499.63771364727
20,treatment,tenured,31679,42447.50078051667,250330.79664940145
21,treatment,tenured,31653,41854.330633040285,240351.70723306848
22,treatment,tenured,31624,41406.443311374474,228709.54661362537
23,treatment,tenured,31586,42024.88504963571,248293.53139234864
24,treatment,tenured,31569,40973.59899474558,225585.36422863748
25,treatment,tenured,31543,42060.03330306728,248821.97994393174
26,treatment,tenured,31509,42212.57265805178,240970.28726203632
27,treatment,tenured,31481,42252.31179458402,241499.3775496842
28,treatment,tenured,31458,41782.39713171066,245067.0822190027
